<?xml version="1.0" encoding="UTF-8"?>
    <summary starttime="Mon Feb 02 11:36:47 SGT 2015" duration="287576" name="VERIFY ORDER: With List Price and MAP Price." successful="yes">
<topsteps notexecuted="0" failed="0" successful="15" total="15"/>
<steps notexecuted="45" failed="20" successful="134" total="199"/>
<timingprofile number="9" average="24466">
<range number="0" to="1" from="0"/>
<range number="0" to="3" from="1"/>
<range number="8" to="5" from="3"/>
<range number="8" to="10" from="5"/>
<range number="4" to="30" from="10"/>
<range number="3" from="30"/>
</timingprofile>
</summary>
